[
{
    "fields": {
        "model": "logentry",
        "app_label": "admin"
    },
    "model": "contenttypes.contenttype",
    "pk": 1
},
{
    "fields": {
        "model": "permission",
        "app_label": "auth"
    },
    "model": "contenttypes.contenttype",
    "pk": 2
},
{
    "fields": {
        "model": "group",
        "app_label": "auth"
    },
    "model": "contenttypes.contenttype",
    "pk": 3
},
{
    "fields": {
        "model": "user",
        "app_label": "auth"
    },
    "model": "contenttypes.contenttype",
    "pk": 4
},
{
    "fields": {
        "model": "contenttype",
        "app_label": "contenttypes"
    },
    "model": "contenttypes.contenttype",
    "pk": 5
},
{
    "fields": {
        "model": "session",
        "app_label": "sessions"
    },
    "model": "contenttypes.contenttype",
    "pk": 6
},
{
    "fields": {
        "model": "profile",
        "app_label": "dashboard"
    },
    "model": "contenttypes.contenttype",
    "pk": 7
},
{
    "fields": {
        "model": "student",
        "app_label": "advising"
    },
    "model": "contenttypes.contenttype",
    "pk": 8
},
{
    "fields": {
        "model": "advisor",
        "app_label": "advising"
    },
    "model": "contenttypes.contenttype",
    "pk": 9
},
{
    "fields": {
        "model": "advisorrole",
        "app_label": "advising"
    },
    "model": "contenttypes.contenttype",
    "pk": 10
},
{
    "fields": {
        "model": "studentadvisorrole",
        "app_label": "advising"
    },
    "model": "contenttypes.contenttype",
    "pk": 11
},
{
    "fields": {
        "model": "cohort",
        "app_label": "advising"
    },
    "model": "contenttypes.contenttype",
    "pk": 12
},
{
    "fields": {
        "model": "studentcohort",
        "app_label": "advising"
    },
    "model": "contenttypes.contenttype",
    "pk": 13
},
{
    "fields": {
        "model": "classsite",
        "app_label": "advising"
    },
    "model": "contenttypes.contenttype",
    "pk": 14
},
{
    "fields": {
        "model": "status",
        "app_label": "advising"
    },
    "model": "contenttypes.contenttype",
    "pk": 15
},
{
    "fields": {
        "model": "studentclasssitestatus",
        "app_label": "advising"
    },
    "model": "contenttypes.contenttype",
    "pk": 16
},
{
    "fields": {
        "expire_date": "2015-10-29T19:32:09Z",
        "session_data": "N2Y0ZDBiZmMwNzIyNmY2MjJmM2M0YmQwODYwYzNhNzBhNDExZDUzMzp7Il9hdXRoX3VzZXJfaGFzaCI6IjA4NDg2ZjY4ZDhlYzA5ZTgyZjE0ZjcwNjVjNDYzNWM0NzM1NzI4ODAiLCJfYXV0aF91c2VyX2JhY2tlbmQiOiJkamFuZ28uY29udHJpYi5hdXRoLmJhY2tlbmRzLk1vZGVsQmFja2VuZCIsIl9hdXRoX3VzZXJfaWQiOiI2In0="
    },
    "model": "sessions.session",
    "pk": "yrqyms97z01cxunv7cp7unpas4gj93ie"
},
{
    "fields": {
        "username": "graciela",
        "first_name": "Graciela",
        "last_name": "Devilbiss",
        "univ_id": "00000001"
    },
    "model": "advising.student",
    "pk": 1
},
{
    "fields": {
        "username": "sandra",
        "first_name": "Sandra",
        "last_name": "Hollis",
        "univ_id": "00000002"
    },
    "model": "advising.student",
    "pk": 2
},
{
    "fields": {
        "username": "shannon",
        "first_name": "Shannon",
        "last_name": "Pedersen",
        "univ_id": "00000003"
    },
    "model": "advising.student",
    "pk": 3
},
{
    "fields": {
        "username": "may",
        "first_name": "May",
        "last_name": "Mejorado",
        "univ_id": "00000004"
    },
    "model": "advising.student",
    "pk": 4
},
{
    "fields": {
        "username": "gianna",
        "first_name": "Gianna",
        "last_name": "Fekete",
        "univ_id": "00000005"
    },
    "model": "advising.student",
    "pk": 5
},
{
    "fields": {
        "username": "caroyln",
        "first_name": "Caroyln",
        "last_name": "Grayer",
        "univ_id": "00000006"
    },
    "model": "advising.student",
    "pk": 6
},
{
    "fields": {
        "username": "clelia",
        "first_name": "Clelia",
        "last_name": "Glessner",
        "univ_id": "00000007"
    },
    "model": "advising.student",
    "pk": 7
},
{
    "fields": {
        "username": "theo",
        "first_name": "Theo",
        "last_name": "Callan",
        "univ_id": "00000008"
    },
    "model": "advising.student",
    "pk": 8
},
{
    "fields": {
        "username": "janell",
        "first_name": "Janell",
        "last_name": "Deckard",
        "univ_id": "00000009"
    },
    "model": "advising.student",
    "pk": 9
},
{
    "fields": {
        "username": "deirdre",
        "first_name": "Deirdre",
        "last_name": "Haupt",
        "univ_id": "000000010"
    },
    "model": "advising.student",
    "pk": 10
},
{
    "fields": {
        "username": "lesha",
        "first_name": "Lesha",
        "last_name": "Paulino",
        "univ_id": "00000011"
    },
    "model": "advising.student",
    "pk": 11
},
{
    "fields": {
        "username": "valentin",
        "first_name": "Valentin",
        "last_name": "Aziz",
        "univ_id": "00000012"
    },
    "model": "advising.student",
    "pk": 12
},
{
    "fields": {
        "username": "evangelina",
        "first_name": "Evangelina",
        "last_name": "Manchester",
        "univ_id": "000000013"
    },
    "model": "advising.student",
    "pk": 13
},
{
    "fields": {
        "username": "jeana",
        "first_name": "Jeana",
        "last_name": "Caver",
        "univ_id": "00000014"
    },
    "model": "advising.student",
    "pk": 14
},
{
    "fields": {
        "username": "wendi",
        "first_name": "Wendi",
        "last_name": "Minyard",
        "univ_id": "00000015"
    },
    "model": "advising.student",
    "pk": 15
},
{
    "fields": {
        "username": "gabriela",
        "first_name": "Gabriela",
        "last_name": "Rea",
        "univ_id": "00000016"
    },
    "model": "advising.student",
    "pk": 16
},
{
    "fields": {
        "username": "deeanna",
        "first_name": "Deeanna",
        "last_name": "Buss",
        "univ_id": "00000017"
    },
    "model": "advising.student",
    "pk": 17
},
{
    "fields": {
        "username": "gennie",
        "first_name": "Gennie",
        "last_name": "Ditmore",
        "univ_id": "00000018"
    },
    "model": "advising.student",
    "pk": 18
},
{
    "fields": {
        "username": "geneva",
        "first_name": "Geneva",
        "last_name": "Michie",
        "univ_id": "00000019"
    },
    "model": "advising.student",
    "pk": 19
},
{
    "fields": {
        "username": "desmond",
        "first_name": "Desmond",
        "last_name": "Foxx",
        "univ_id": "00000020"
    },
    "model": "advising.student",
    "pk": 20
},
{
    "fields": {
        "username": "james",
        "first_name": "James",
        "last_name": "Bond",
        "univ_id": "00000021"
    },
    "model": "advising.student",
    "pk": 21
},
{
    "fields": {
        "username": "mike",
        "first_name": "Mike",
        "last_name": "Brown",
        "univ_id": "00000022"
    },
    "model": "advising.student",
    "pk": 22
},
{
    "fields": {
        "username": "nocourses",
        "first_name": "Nocourses",
        "last_name": "Guy",
        "univ_id": "00000023"
    },
    "model": "advising.student",
    "pk": 23
},
{
    "fields": {
        "username": "zander",
        "first_name": "Zander",
        "last_name": "Agrippa",
        "univ_id": "00000101"
    },
    "model": "advising.advisor",
    "pk": 1
},
{
    "fields": {
        "username": "burl",
        "first_name": "Burl",
        "last_name": "Chandler",
        "univ_id": "0000102"
    },
    "model": "advising.advisor",
    "pk": 2
},
{
    "fields": {
        "username": "lavera",
        "first_name": "Lavera",
        "last_name": "Rumore",
        "univ_id": "00000103"
    },
    "model": "advising.advisor",
    "pk": 3
},
{
    "fields": {
        "username": "mollie",
        "first_name": "Mollie",
        "last_name": "Whistler",
        "univ_id": "00000104"
    },
    "model": "advising.advisor",
    "pk": 4
},
{
    "fields": {
        "username": "carla",
        "first_name": "Carla",
        "last_name": "Beumer",
        "univ_id": "00000105"
    },
    "model": "advising.advisor",
    "pk": 5
},
{
    "fields": {
        "username": "will",
        "first_name": "Will",
        "last_name": "Smith",
        "univ_id": "00000106"
    },
    "model": "advising.advisor",
    "pk": 6
},
{
    "fields": {
        "code": "DEPT",
        "description": "Department Advisor"
    },
    "model": "advising.advisorrole",
    "pk": 1
},
{
    "fields": {
        "code": "ATHL",
        "description": "Athletics Advisor"
    },
    "model": "advising.advisorrole",
    "pk": 2
},
{
    "fields": {
        "code": "HNRS",
        "description": "Honors Advisor"
    },
    "model": "advising.advisorrole",
    "pk": 3
},
{
    "fields": {
        "role": 1,
        "student": 1,
        "advisor": 2
    },
    "model": "advising.studentadvisorrole",
    "pk": 1
},
{
    "fields": {
        "role": 1,
        "student": 2,
        "advisor": 5
    },
    "model": "advising.studentadvisorrole",
    "pk": 2
},
{
    "fields": {
        "role": 1,
        "student": 3,
        "advisor": 4
    },
    "model": "advising.studentadvisorrole",
    "pk": 3
},
{
    "fields": {
        "role": 1,
        "student": 4,
        "advisor": 2
    },
    "model": "advising.studentadvisorrole",
    "pk": 4
},
{
    "fields": {
        "role": 1,
        "student": 5,
        "advisor": 1
    },
    "model": "advising.studentadvisorrole",
    "pk": 5
},
{
    "fields": {
        "role": 1,
        "student": 5,
        "advisor": 5
    },
    "model": "advising.studentadvisorrole",
    "pk": 6
},
{
    "fields": {
        "role": 1,
        "student": 6,
        "advisor": 2
    },
    "model": "advising.studentadvisorrole",
    "pk": 7
},
{
    "fields": {
        "role": 1,
        "student": 7,
        "advisor": 4
    },
    "model": "advising.studentadvisorrole",
    "pk": 8
},
{
    "fields": {
        "role": 1,
        "student": 8,
        "advisor": 4
    },
    "model": "advising.studentadvisorrole",
    "pk": 9
},
{
    "fields": {
        "role": 1,
        "student": 9,
        "advisor": 2
    },
    "model": "advising.studentadvisorrole",
    "pk": 10
},
{
    "fields": {
        "role": 1,
        "student": 10,
        "advisor": 1
    },
    "model": "advising.studentadvisorrole",
    "pk": 11
},
{
    "fields": {
        "role": 2,
        "student": 10,
        "advisor": 2
    },
    "model": "advising.studentadvisorrole",
    "pk": 12
},
{
    "fields": {
        "role": 1,
        "student": 11,
        "advisor": 5
    },
    "model": "advising.studentadvisorrole",
    "pk": 13
},
{
    "fields": {
        "role": 1,
        "student": 12,
        "advisor": 2
    },
    "model": "advising.studentadvisorrole",
    "pk": 14
},
{
    "fields": {
        "role": 1,
        "student": 13,
        "advisor": 5
    },
    "model": "advising.studentadvisorrole",
    "pk": 15
},
{
    "fields": {
        "role": 1,
        "student": 14,
        "advisor": 3
    },
    "model": "advising.studentadvisorrole",
    "pk": 16
},
{
    "fields": {
        "role": 1,
        "student": 15,
        "advisor": 5
    },
    "model": "advising.studentadvisorrole",
    "pk": 17
},
{
    "fields": {
        "role": 1,
        "student": 16,
        "advisor": 3
    },
    "model": "advising.studentadvisorrole",
    "pk": 18
},
{
    "fields": {
        "role": 1,
        "student": 17,
        "advisor": 5
    },
    "model": "advising.studentadvisorrole",
    "pk": 19
},
{
    "fields": {
        "role": 1,
        "student": 18,
        "advisor": 5
    },
    "model": "advising.studentadvisorrole",
    "pk": 20
},
{
    "fields": {
        "role": 1,
        "student": 19,
        "advisor": 2
    },
    "model": "advising.studentadvisorrole",
    "pk": 21
},
{
    "fields": {
        "role": 1,
        "student": 20,
        "advisor": 4
    },
    "model": "advising.studentadvisorrole",
    "pk": 22
},
{
    "fields": {
        "role": 1,
        "student": 21,
        "advisor": 1
    },
    "model": "advising.studentadvisorrole",
    "pk": 23
},
{
    "fields": {
        "role": 2,
        "student": 21,
        "advisor": 1
    },
    "model": "advising.studentadvisorrole",
    "pk": 24
},
{
    "fields": {
        "role": 3,
        "student": 21,
        "advisor": 1
    },
    "model": "advising.studentadvisorrole",
    "pk": 25
},
{
    "fields": {
        "role": 1,
        "student": 21,
        "advisor": 2
    },
    "model": "advising.studentadvisorrole",
    "pk": 26
},
{
    "fields": {
        "role": 2,
        "student": 21,
        "advisor": 3
    },
    "model": "advising.studentadvisorrole",
    "pk": 27
},
{
    "fields": {
        "role": 3,
        "student": 21,
        "advisor": 2
    },
    "model": "advising.studentadvisorrole",
    "pk": 28
},
{
    "fields": {
        "role": 1,
        "student": 21,
        "advisor": 3
    },
    "model": "advising.studentadvisorrole",
    "pk": 29
},
{
    "fields": {
        "role": 1,
        "student": 22,
        "advisor": 6
    },
    "model": "advising.studentadvisorrole",
    "pk": 30
},
{
    "fields": {
        "role": 2,
        "student": 14,
        "advisor": 2
    },
    "model": "advising.studentadvisorrole",
    "pk": 31
},
{
    "fields": {
        "role": 3,
        "student": 16,
        "advisor": 2
    },
    "model": "advising.studentadvisorrole",
    "pk": 32
},
{
    "fields": {
        "role": 2,
        "student": 23,
        "advisor": 3
    },
    "model": "advising.studentadvisorrole",
    "pk": 33
},
{
    "fields": {
        "role": 1,
        "student": 23,
        "advisor": 1
    },
    "model": "advising.studentadvisorrole",
    "pk": 34
},
{
    "fields": {
        "code": "SPPRO-F14",
        "group": "CSP",
        "description": "Special Probation F14"
    },
    "model": "advising.cohort",
    "pk": 1
},
{
    "fields": {
        "code": "SPPRO-W15",
        "group": "CSP",
        "description": "Special Probation W15"
    },
    "model": "advising.cohort",
    "pk": 2
},
{
    "fields": {
        "code": "SPPRO-F15",
        "group": "CSP",
        "description": "Special Probation F15"
    },
    "model": "advising.cohort",
    "pk": 3
},
{
    "fields": {
        "cohort": 1,
        "student": 1
    },
    "model": "advising.studentcohort",
    "pk": 1
},
{
    "fields": {
        "cohort": 1,
        "student": 2
    },
    "model": "advising.studentcohort",
    "pk": 2
},
{
    "fields": {
        "cohort": 1,
        "student": 3
    },
    "model": "advising.studentcohort",
    "pk": 3
},
{
    "fields": {
        "cohort": 1,
        "student": 4
    },
    "model": "advising.studentcohort",
    "pk": 4
},
{
    "fields": {
        "cohort": 1,
        "student": 5
    },
    "model": "advising.studentcohort",
    "pk": 5
},
{
    "fields": {
        "cohort": 1,
        "student": 6
    },
    "model": "advising.studentcohort",
    "pk": 6
},
{
    "fields": {
        "cohort": 2,
        "student": 6
    },
    "model": "advising.studentcohort",
    "pk": 7
},
{
    "fields": {
        "cohort": 1,
        "student": 21
    },
    "model": "advising.studentcohort",
    "pk": 8
},
{
    "fields": {
        "cohort": 2,
        "student": 21
    },
    "model": "advising.studentcohort",
    "pk": 9
},
{
    "fields": {
        "cohort": 3,
        "student": 21
    },
    "model": "advising.studentcohort",
    "pk": 10
},
{
    "fields": {
        "cohort": 2,
        "student": 22
    },
    "model": "advising.studentcohort",
    "pk": 11
},
{
    "fields": {
        "cohort": 1,
        "student": 22
    },
    "model": "advising.studentcohort",
    "pk": 12
},
{
    "fields": {
        "cohort": 3,
        "student": 7
    },
    "model": "advising.studentcohort",
    "pk": 13
},
{
    "fields": {
        "cohort": 2,
        "student": 8
    },
    "model": "advising.studentcohort",
    "pk": 14
},
{
    "fields": {
        "cohort": 2,
        "student": 9
    },
    "model": "advising.studentcohort",
    "pk": 15
},
{
    "fields": {
        "cohort": 1,
        "student": 10
    },
    "model": "advising.studentcohort",
    "pk": 16
},
{
    "fields": {
        "cohort": 3,
        "student": 11
    },
    "model": "advising.studentcohort",
    "pk": 17
},
{
    "fields": {
        "cohort": 3,
        "student": 12
    },
    "model": "advising.studentcohort",
    "pk": 18
},
{
    "fields": {
        "cohort": 1,
        "student": 13
    },
    "model": "advising.studentcohort",
    "pk": 19
},
{
    "fields": {
        "cohort": 3,
        "student": 14
    },
    "model": "advising.studentcohort",
    "pk": 20
},
{
    "fields": {
        "cohort": 2,
        "student": 15
    },
    "model": "advising.studentcohort",
    "pk": 21
},
{
    "fields": {
        "cohort": 1,
        "student": 16
    },
    "model": "advising.studentcohort",
    "pk": 22
},
{
    "fields": {
        "cohort": 2,
        "student": 16
    },
    "model": "advising.studentcohort",
    "pk": 23
},
{
    "fields": {
        "cohort": 3,
        "student": 17
    },
    "model": "advising.studentcohort",
    "pk": 24
},
{
    "fields": {
        "cohort": 1,
        "student": 18
    },
    "model": "advising.studentcohort",
    "pk": 25
},
{
    "fields": {
        "cohort": 2,
        "student": 19
    },
    "model": "advising.studentcohort",
    "pk": 26
},
{
    "fields": {
        "cohort": 3,
        "student": 20
    },
    "model": "advising.studentcohort",
    "pk": 27
},
{
    "fields": {
        "cohort": 3,
        "student": 23
    },
    "model": "advising.studentcohort",
    "pk": 28
},
{
    "fields": {
        "code": "1",
        "description": "Physics 130"
    },
    "model": "advising.classsite",
    "pk": 1
},
{
    "fields": {
        "code": "2",
        "description": "Physics 140"
    },
    "model": "advising.classsite",
    "pk": 2
},
{
    "fields": {
        "code": "3",
        "description": "Math 115"
    },
    "model": "advising.classsite",
    "pk": 3
},
{
    "fields": {
        "code": "4",
        "description": "Stats 250"
    },
    "model": "advising.classsite",
    "pk": 4
},
{
    "fields": {
        "code": "5",
        "description": "Physics 240"
    },
    "model": "advising.classsite",
    "pk": 5
},
{
    "fields": {
        "code": "6",
        "description": "Chem 125"
    },
    "model": "advising.classsite",
    "pk": 6
},
{
    "fields": {
        "code": "G",
        "description": "Green",
        "order": 1
    },
    "model": "advising.status",
    "pk": 1
},
{
    "fields": {
        "code": "Y",
        "description": "Yellow",
        "order": 2
    },
    "model": "advising.status",
    "pk": 2
},
{
    "fields": {
        "code": "R",
        "description": "Red",
        "order": 3
    },
    "model": "advising.status",
    "pk": 3
},
{
    "fields": {
        "class_site": 1,
        "status": 1,
        "student": 1
    },
    "model": "advising.studentclasssitestatus",
    "pk": 1
},
{
    "fields": {
        "class_site": 4,
        "status": 2,
        "student": 1
    },
    "model": "advising.studentclasssitestatus",
    "pk": 2
},
{
    "fields": {
        "class_site": 1,
        "status": 1,
        "student": 2
    },
    "model": "advising.studentclasssitestatus",
    "pk": 3
},
{
    "fields": {
        "class_site": 2,
        "status": 3,
        "student": 3
    },
    "model": "advising.studentclasssitestatus",
    "pk": 4
},
{
    "fields": {
        "class_site": 3,
        "status": 3,
        "student": 5
    },
    "model": "advising.studentclasssitestatus",
    "pk": 5
},
{
    "fields": {
        "class_site": 2,
        "status": 2,
        "student": 6
    },
    "model": "advising.studentclasssitestatus",
    "pk": 6
},
{
    "fields": {
        "class_site": 1,
        "status": 1,
        "student": 7
    },
    "model": "advising.studentclasssitestatus",
    "pk": 7
},
{
    "fields": {
        "class_site": 4,
        "status": 3,
        "student": 9
    },
    "model": "advising.studentclasssitestatus",
    "pk": 8
},
{
    "fields": {
        "class_site": 2,
        "status": 2,
        "student": 11
    },
    "model": "advising.studentclasssitestatus",
    "pk": 9
},
{
    "fields": {
        "class_site": 3,
        "status": 3,
        "student": 11
    },
    "model": "advising.studentclasssitestatus",
    "pk": 10
},
{
    "fields": {
        "class_site": 4,
        "status": 3,
        "student": 11
    },
    "model": "advising.studentclasssitestatus",
    "pk": 11
},
{
    "fields": {
        "class_site": 5,
        "status": 2,
        "student": 21
    },
    "model": "advising.studentclasssitestatus",
    "pk": 12
},
{
    "fields": {
        "class_site": 6,
        "status": 1,
        "student": 21
    },
    "model": "advising.studentclasssitestatus",
    "pk": 13
},
{
    "fields": {
        "class_site": 4,
        "status": 3,
        "student": 21
    },
    "model": "advising.studentclasssitestatus",
    "pk": 14
},
{
    "fields": {
        "class_site": 2,
        "status": 1,
        "student": 21
    },
    "model": "advising.studentclasssitestatus",
    "pk": 15
},
{
    "fields": {
        "class_site": 3,
        "status": 3,
        "student": 21
    },
    "model": "advising.studentclasssitestatus",
    "pk": 16
},
{
    "fields": {
        "class_site": 2,
        "status": 2,
        "student": 22
    },
    "model": "advising.studentclasssitestatus",
    "pk": 17
},
{
    "fields": {
        "class_site": 1,
        "status": 3,
        "student": 22
    },
    "model": "advising.studentclasssitestatus",
    "pk": 18
},
{
    "fields": {
        "class_site": 3,
        "status": 3,
        "student": 22
    },
    "model": "advising.studentclasssitestatus",
    "pk": 19
},
{
    "fields": {
        "class_site": 6,
        "status": 1,
        "student": 22
    },
    "model": "advising.studentclasssitestatus",
    "pk": 20
},
{
    "fields": {
        "class_site": 4,
        "status": 2,
        "student": 22
    },
    "model": "advising.studentclasssitestatus",
    "pk": 21
},
{
    "fields": {
        "class_site": 2,
        "status": 1,
        "student": 10
    },
    "model": "advising.studentclasssitestatus",
    "pk": 22
},
{
    "fields": {
        "class_site": 3,
        "status": 2,
        "student": 12
    },
    "model": "advising.studentclasssitestatus",
    "pk": 23
},
{
    "fields": {
        "class_site": 5,
        "status": 3,
        "student": 13
    },
    "model": "advising.studentclasssitestatus",
    "pk": 24
},
{
    "fields": {
        "class_site": 6,
        "status": 2,
        "student": 14
    },
    "model": "advising.studentclasssitestatus",
    "pk": 25
},
{
    "fields": {
        "class_site": 4,
        "status": 1,
        "student": 14
    },
    "model": "advising.studentclasssitestatus",
    "pk": 26
},
{
    "fields": {
        "class_site": 1,
        "status": 2,
        "student": 14
    },
    "model": "advising.studentclasssitestatus",
    "pk": 27
},
{
    "fields": {
        "class_site": 3,
        "status": 2,
        "student": 15
    },
    "model": "advising.studentclasssitestatus",
    "pk": 28
},
{
    "fields": {
        "class_site": 5,
        "status": 3,
        "student": 16
    },
    "model": "advising.studentclasssitestatus",
    "pk": 29
},
{
    "fields": {
        "class_site": 4,
        "status": 1,
        "student": 16
    },
    "model": "advising.studentclasssitestatus",
    "pk": 30
},
{
    "fields": {
        "class_site": 5,
        "status": 2,
        "student": 4
    },
    "model": "advising.studentclasssitestatus",
    "pk": 31
},
{
    "fields": {
        "class_site": 5,
        "status": 1,
        "student": 17
    },
    "model": "advising.studentclasssitestatus",
    "pk": 32
},
{
    "fields": {
        "class_site": 6,
        "status": 3,
        "student": 17
    },
    "model": "advising.studentclasssitestatus",
    "pk": 33
},
{
    "fields": {
        "class_site": 2,
        "status": 2,
        "student": 18
    },
    "model": "advising.studentclasssitestatus",
    "pk": 34
},
{
    "fields": {
        "class_site": 4,
        "status": 1,
        "student": 19
    },
    "model": "advising.studentclasssitestatus",
    "pk": 35
},
{
    "fields": {
        "class_site": 1,
        "status": 3,
        "student": 20
    },
    "model": "advising.studentclasssitestatus",
    "pk": 36
},
{
    "fields": {
        "class_site": 3,
        "status": 2,
        "student": 8
    },
    "model": "advising.studentclasssitestatus",
    "pk": 37
},
{
    "fields": {
        "class_site": 6,
        "status": 3,
        "student": 8
    },
    "model": "advising.studentclasssitestatus",
    "pk": 38
},
{
    "fields": {
        "class_site": 5,
        "status": 3,
        "student": 8
    },
    "model": "advising.studentclasssitestatus",
    "pk": 39
},
{
    "fields": {
        "codename": "add_logentry",
        "name": "Can add log entry",
        "content_type": 1
    },
    "model": "auth.permission",
    "pk": 1
},
{
    "fields": {
        "codename": "change_logentry",
        "name": "Can change log entry",
        "content_type": 1
    },
    "model": "auth.permission",
    "pk": 2
},
{
    "fields": {
        "codename": "delete_logentry",
        "name": "Can delete log entry",
        "content_type": 1
    },
    "model": "auth.permission",
    "pk": 3
},
{
    "fields": {
        "codename": "add_permission",
        "name": "Can add permission",
        "content_type": 2
    },
    "model": "auth.permission",
    "pk": 4
},
{
    "fields": {
        "codename": "change_permission",
        "name": "Can change permission",
        "content_type": 2
    },
    "model": "auth.permission",
    "pk": 5
},
{
    "fields": {
        "codename": "delete_permission",
        "name": "Can delete permission",
        "content_type": 2
    },
    "model": "auth.permission",
    "pk": 6
},
{
    "fields": {
        "codename": "add_group",
        "name": "Can add group",
        "content_type": 3
    },
    "model": "auth.permission",
    "pk": 7
},
{
    "fields": {
        "codename": "change_group",
        "name": "Can change group",
        "content_type": 3
    },
    "model": "auth.permission",
    "pk": 8
},
{
    "fields": {
        "codename": "delete_group",
        "name": "Can delete group",
        "content_type": 3
    },
    "model": "auth.permission",
    "pk": 9
},
{
    "fields": {
        "codename": "add_user",
        "name": "Can add user",
        "content_type": 4
    },
    "model": "auth.permission",
    "pk": 10
},
{
    "fields": {
        "codename": "change_user",
        "name": "Can change user",
        "content_type": 4
    },
    "model": "auth.permission",
    "pk": 11
},
{
    "fields": {
        "codename": "delete_user",
        "name": "Can delete user",
        "content_type": 4
    },
    "model": "auth.permission",
    "pk": 12
},
{
    "fields": {
        "codename": "add_contenttype",
        "name": "Can add content type",
        "content_type": 5
    },
    "model": "auth.permission",
    "pk": 13
},
{
    "fields": {
        "codename": "change_contenttype",
        "name": "Can change content type",
        "content_type": 5
    },
    "model": "auth.permission",
    "pk": 14
},
{
    "fields": {
        "codename": "delete_contenttype",
        "name": "Can delete content type",
        "content_type": 5
    },
    "model": "auth.permission",
    "pk": 15
},
{
    "fields": {
        "codename": "add_session",
        "name": "Can add session",
        "content_type": 6
    },
    "model": "auth.permission",
    "pk": 16
},
{
    "fields": {
        "codename": "change_session",
        "name": "Can change session",
        "content_type": 6
    },
    "model": "auth.permission",
    "pk": 17
},
{
    "fields": {
        "codename": "delete_session",
        "name": "Can delete session",
        "content_type": 6
    },
    "model": "auth.permission",
    "pk": 18
},
{
    "fields": {
        "codename": "add_profile",
        "name": "Can add profile",
        "content_type": 7
    },
    "model": "auth.permission",
    "pk": 19
},
{
    "fields": {
        "codename": "change_profile",
        "name": "Can change profile",
        "content_type": 7
    },
    "model": "auth.permission",
    "pk": 20
},
{
    "fields": {
        "codename": "delete_profile",
        "name": "Can delete profile",
        "content_type": 7
    },
    "model": "auth.permission",
    "pk": 21
},
{
    "fields": {
        "codename": "add_student",
        "name": "Can add student",
        "content_type": 8
    },
    "model": "auth.permission",
    "pk": 22
},
{
    "fields": {
        "codename": "change_student",
        "name": "Can change student",
        "content_type": 8
    },
    "model": "auth.permission",
    "pk": 23
},
{
    "fields": {
        "codename": "delete_student",
        "name": "Can delete student",
        "content_type": 8
    },
    "model": "auth.permission",
    "pk": 24
},
{
    "fields": {
        "codename": "add_advisor",
        "name": "Can add advisor",
        "content_type": 9
    },
    "model": "auth.permission",
    "pk": 25
},
{
    "fields": {
        "codename": "change_advisor",
        "name": "Can change advisor",
        "content_type": 9
    },
    "model": "auth.permission",
    "pk": 26
},
{
    "fields": {
        "codename": "delete_advisor",
        "name": "Can delete advisor",
        "content_type": 9
    },
    "model": "auth.permission",
    "pk": 27
},
{
    "fields": {
        "codename": "add_advisorrole",
        "name": "Can add advisor role",
        "content_type": 10
    },
    "model": "auth.permission",
    "pk": 28
},
{
    "fields": {
        "codename": "change_advisorrole",
        "name": "Can change advisor role",
        "content_type": 10
    },
    "model": "auth.permission",
    "pk": 29
},
{
    "fields": {
        "codename": "delete_advisorrole",
        "name": "Can delete advisor role",
        "content_type": 10
    },
    "model": "auth.permission",
    "pk": 30
},
{
    "fields": {
        "codename": "add_studentadvisorrole",
        "name": "Can add student advisor role",
        "content_type": 11
    },
    "model": "auth.permission",
    "pk": 31
},
{
    "fields": {
        "codename": "change_studentadvisorrole",
        "name": "Can change student advisor role",
        "content_type": 11
    },
    "model": "auth.permission",
    "pk": 32
},
{
    "fields": {
        "codename": "delete_studentadvisorrole",
        "name": "Can delete student advisor role",
        "content_type": 11
    },
    "model": "auth.permission",
    "pk": 33
},
{
    "fields": {
        "codename": "add_cohort",
        "name": "Can add cohort",
        "content_type": 12
    },
    "model": "auth.permission",
    "pk": 34
},
{
    "fields": {
        "codename": "change_cohort",
        "name": "Can change cohort",
        "content_type": 12
    },
    "model": "auth.permission",
    "pk": 35
},
{
    "fields": {
        "codename": "delete_cohort",
        "name": "Can delete cohort",
        "content_type": 12
    },
    "model": "auth.permission",
    "pk": 36
},
{
    "fields": {
        "codename": "add_studentcohort",
        "name": "Can add student cohort",
        "content_type": 13
    },
    "model": "auth.permission",
    "pk": 37
},
{
    "fields": {
        "codename": "change_studentcohort",
        "name": "Can change student cohort",
        "content_type": 13
    },
    "model": "auth.permission",
    "pk": 38
},
{
    "fields": {
        "codename": "delete_studentcohort",
        "name": "Can delete student cohort",
        "content_type": 13
    },
    "model": "auth.permission",
    "pk": 39
},
{
    "fields": {
        "codename": "add_classsite",
        "name": "Can add class site",
        "content_type": 14
    },
    "model": "auth.permission",
    "pk": 40
},
{
    "fields": {
        "codename": "change_classsite",
        "name": "Can change class site",
        "content_type": 14
    },
    "model": "auth.permission",
    "pk": 41
},
{
    "fields": {
        "codename": "delete_classsite",
        "name": "Can delete class site",
        "content_type": 14
    },
    "model": "auth.permission",
    "pk": 42
},
{
    "fields": {
        "codename": "add_status",
        "name": "Can add status",
        "content_type": 15
    },
    "model": "auth.permission",
    "pk": 43
},
{
    "fields": {
        "codename": "change_status",
        "name": "Can change status",
        "content_type": 15
    },
    "model": "auth.permission",
    "pk": 44
},
{
    "fields": {
        "codename": "delete_status",
        "name": "Can delete status",
        "content_type": 15
    },
    "model": "auth.permission",
    "pk": 45
},
{
    "fields": {
        "codename": "add_studentclasssitestatus",
        "name": "Can add student class site status",
        "content_type": 16
    },
    "model": "auth.permission",
    "pk": 46
},
{
    "fields": {
        "codename": "change_studentclasssitestatus",
        "name": "Can change student class site status",
        "content_type": 16
    },
    "model": "auth.permission",
    "pk": 47
},
{
    "fields": {
        "codename": "delete_studentclasssitestatus",
        "name": "Can delete student class site status",
        "content_type": 16
    },
    "model": "auth.permission",
    "pk": 48
},
{
    "fields": {
        "username": "admin",
        "first_name": "",
        "last_name": "",
        "is_active": true,
        "is_superuser": true,
        "is_staff": true,
        "last_login": "2015-10-15T13:50:50Z",
        "groups": [],
        "user_permissions": [],
        "password": "pbkdf2_sha256$20000$ht9UebIr86Ro$MSZWRZ8PZg7uzVtP6J5L6EL5wckcwzgrhHlXrDC50vs=",
        "email": "",
        "date_joined": "2015-10-15T13:13:28Z"
    },
    "model": "auth.user",
    "pk": 1
},
{
    "fields": {
        "username": "zander",
        "first_name": "",
        "last_name": "",
        "is_active": true,
        "is_superuser": false,
        "is_staff": false,
        "last_login": "2015-10-15T19:32:09Z",
        "groups": [],
        "user_permissions": [],
        "password": "pbkdf2_sha256$20000$gI3Uo8BIwQ5r$MCMJO5VqFvjpD+J0mBGEe6/2jqr3gzhgMTIPdT+Nzso=",
        "email": "",
        "date_joined": "2015-10-15T13:56:14Z"
    },
    "model": "auth.user",
    "pk": 6
},
{
    "fields": {
        "username": "carla",
        "first_name": "",
        "last_name": "",
        "is_active": true,
        "is_superuser": false,
        "is_staff": false,
        "last_login": "2015-10-15T14:44:40Z",
        "groups": [],
        "user_permissions": [],
        "password": "pbkdf2_sha256$20000$a8hLjNk8D3o3$g+PQIHHOu8jJFPjqsITqYhOTqCugZaX/bwK80ycpYLU=",
        "email": "",
        "date_joined": "2015-10-15T13:56:33Z"
    },
    "model": "auth.user",
    "pk": 7
},
{
    "fields": {
        "username": "burl",
        "first_name": "",
        "last_name": "",
        "is_active": true,
        "is_superuser": false,
        "is_staff": false,
        "last_login": "2015-10-15T17:36:23Z",
        "groups": [],
        "user_permissions": [],
        "password": "pbkdf2_sha256$20000$93rkHn7zyOIm$q02j77FK+u012Tp4afivmt7vcpJ+3f+e6as7xX9gCPY=",
        "email": "",
        "date_joined": "2015-10-15T13:56:47Z"
    },
    "model": "auth.user",
    "pk": 8
},
{
    "fields": {
        "username": "lavera",
        "first_name": "",
        "last_name": "",
        "is_active": true,
        "is_superuser": false,
        "is_staff": false,
        "last_login": "2015-10-15T16:50:56Z",
        "groups": [],
        "user_permissions": [],
        "password": "pbkdf2_sha256$20000$sPYRQ4g8vha4$xKXwFWayBg0MewmGcJC4ZhRojlXTsrHC97/F7k1FJ7c=",
        "email": "",
        "date_joined": "2015-10-15T13:57:33Z"
    },
    "model": "auth.user",
    "pk": 9
},
{
    "fields": {
        "username": "will",
        "first_name": "",
        "last_name": "",
        "is_active": true,
        "is_superuser": false,
        "is_staff": false,
        "last_login": null,
        "groups": [],
        "user_permissions": [],
        "password": "pbkdf2_sha256$20000$C4Mqxf0vCc5l$cK0XXzK588MRH0cks/oDdABJyfH+qqhV4gW2ZRvPJFY=",
        "email": "",
        "date_joined": "2015-10-15T13:57:45Z"
    },
    "model": "auth.user",
    "pk": 10
},
{
    "fields": {
        "username": "mollie",
        "first_name": "",
        "last_name": "",
        "is_active": true,
        "is_superuser": false,
        "is_staff": false,
        "last_login": null,
        "groups": [],
        "user_permissions": [],
        "password": "pbkdf2_sha256$20000$S7SlqqqQWj89$Z0xmB1WjDMhw1vdS6ub+p9JNR77O/TjvRG5tAd5AHXs=",
        "email": "",
        "date_joined": "2015-10-15T13:57:59Z"
    },
    "model": "auth.user",
    "pk": 11
},
{
    "fields": {
        "is_policy_accepted": true,
        "user": 6,
        "policy_accepted_date": "2015-10-15"
    },
    "model": "dashboard.profile",
    "pk": 4
},
{
    "fields": {
        "is_policy_accepted": true,
        "user": 7,
        "policy_accepted_date": "2015-10-15"
    },
    "model": "dashboard.profile",
    "pk": 5
},
{
    "fields": {
        "is_policy_accepted": true,
        "user": 8,
        "policy_accepted_date": "2015-10-15"
    },
    "model": "dashboard.profile",
    "pk": 6
},
{
    "fields": {
        "is_policy_accepted": true,
        "user": 9,
        "policy_accepted_date": "2015-10-15"
    },
    "model": "dashboard.profile",
    "pk": 7
},
{
    "fields": {
        "is_policy_accepted": true,
        "user": 10,
        "policy_accepted_date": "2015-10-15"
    },
    "model": "dashboard.profile",
    "pk": 8
},
{
    "fields": {
        "is_policy_accepted": true,
        "user": 11,
        "policy_accepted_date": "2015-10-15"
    },
    "model": "dashboard.profile",
    "pk": 9
},
{
    "fields": {
        "action_flag": 1,
        "action_time": "2015-10-15T13:49:29Z",
        "object_repr": "weikai",
        "object_id": "2",
        "change_message": "",
        "user": 1,
        "content_type": 4
    },
    "model": "admin.logentry",
    "pk": 1
},
{
    "fields": {
        "action_flag": 1,
        "action_time": "2015-10-15T13:49:55Z",
        "object_repr": "john",
        "object_id": "3",
        "change_message": "",
        "user": 1,
        "content_type": 4
    },
    "model": "admin.logentry",
    "pk": 2
},
{
    "fields": {
        "action_flag": 1,
        "action_time": "2015-10-15T13:54:24Z",
        "object_repr": "brent",
        "object_id": "4",
        "change_message": "",
        "user": 1,
        "content_type": 4
    },
    "model": "admin.logentry",
    "pk": 3
},
{
    "fields": {
        "action_flag": 1,
        "action_time": "2015-10-15T13:54:40Z",
        "object_repr": "kris",
        "object_id": "5",
        "change_message": "",
        "user": 1,
        "content_type": 4
    },
    "model": "admin.logentry",
    "pk": 4
},
{
    "fields": {
        "action_flag": 3,
        "action_time": "2015-10-15T13:55:14Z",
        "object_repr": "weikai",
        "object_id": "2",
        "change_message": "",
        "user": 1,
        "content_type": 4
    },
    "model": "admin.logentry",
    "pk": 5
},
{
    "fields": {
        "action_flag": 3,
        "action_time": "2015-10-15T13:55:19Z",
        "object_repr": "kris",
        "object_id": "5",
        "change_message": "",
        "user": 1,
        "content_type": 4
    },
    "model": "admin.logentry",
    "pk": 6
},
{
    "fields": {
        "action_flag": 3,
        "action_time": "2015-10-15T13:55:23Z",
        "object_repr": "brent",
        "object_id": "4",
        "change_message": "",
        "user": 1,
        "content_type": 4
    },
    "model": "admin.logentry",
    "pk": 7
},
{
    "fields": {
        "action_flag": 3,
        "action_time": "2015-10-15T13:55:39Z",
        "object_repr": "john",
        "object_id": "3",
        "change_message": "",
        "user": 1,
        "content_type": 4
    },
    "model": "admin.logentry",
    "pk": 8
},
{
    "fields": {
        "action_flag": 1,
        "action_time": "2015-10-15T13:56:14Z",
        "object_repr": "zander",
        "object_id": "6",
        "change_message": "",
        "user": 1,
        "content_type": 4
    },
    "model": "admin.logentry",
    "pk": 9
},
{
    "fields": {
        "action_flag": 1,
        "action_time": "2015-10-15T13:56:33Z",
        "object_repr": "carla",
        "object_id": "7",
        "change_message": "",
        "user": 1,
        "content_type": 4
    },
    "model": "admin.logentry",
    "pk": 10
},
{
    "fields": {
        "action_flag": 1,
        "action_time": "2015-10-15T13:56:47Z",
        "object_repr": "burl",
        "object_id": "8",
        "change_message": "",
        "user": 1,
        "content_type": 4
    },
    "model": "admin.logentry",
    "pk": 11
},
{
    "fields": {
        "action_flag": 2,
        "action_time": "2015-10-15T13:57:13Z",
        "object_repr": "burl",
        "object_id": "8",
        "change_message": "No fields changed.",
        "user": 1,
        "content_type": 4
    },
    "model": "admin.logentry",
    "pk": 12
},
{
    "fields": {
        "action_flag": 1,
        "action_time": "2015-10-15T13:57:34Z",
        "object_repr": "lavera",
        "object_id": "9",
        "change_message": "",
        "user": 1,
        "content_type": 4
    },
    "model": "admin.logentry",
    "pk": 13
},
{
    "fields": {
        "action_flag": 1,
        "action_time": "2015-10-15T13:57:46Z",
        "object_repr": "will",
        "object_id": "10",
        "change_message": "",
        "user": 1,
        "content_type": 4
    },
    "model": "admin.logentry",
    "pk": 14
},
{
    "fields": {
        "action_flag": 1,
        "action_time": "2015-10-15T13:57:59Z",
        "object_repr": "mollie",
        "object_id": "11",
        "change_message": "",
        "user": 1,
        "content_type": 4
    },
    "model": "admin.logentry",
    "pk": 15
}
]
