[
{
    "fields": {
        "username": "zander",
        "first_name": "Zander",
        "last_name": "Agrippa",
        "univ_id": "20000001"
    },
    "model": "advising.advisor",
    "pk": 1
},
{
    "fields": {
        "username": "burl",
        "first_name": "Burl",
        "last_name": "Chandler",
        "univ_id": "20000002"
    },
    "model": "advising.advisor",
    "pk": 2
},
{
    "fields": {
        "username": "lavera",
        "first_name": "Lavera",
        "last_name": "Rumore",
        "univ_id": "20000003"
    },
    "model": "advising.advisor",
    "pk": 3
},
{
    "fields": {
        "username": "mollie",
        "first_name": "Mollie",
        "last_name": "Whistler",
        "univ_id": "20000004"
    },
    "model": "advising.advisor",
    "pk": 4
},
{
    "fields": {
        "username": "carla",
        "first_name": "Carla",
        "last_name": "Beumer",
        "univ_id": "20000005"
    },
    "model": "advising.advisor",
    "pk": 5
},
{
    "fields": {
        "username": "will",
        "first_name": "Will",
        "last_name": "Smith",
        "univ_id": "20000006"
    },
    "model": "advising.advisor",
    "pk": 6
},
{
    "fields": {
        "username": "zander",
        "first_name": "Zander",
        "last_name": "Agrippa",
        "univ_id": "20000001"
    },
    "model": "advising.mentor",
    "pk": 1
},
{
    "fields": {
        "username": "burl",
        "first_name": "Burl",
        "last_name": "Chandler",
        "univ_id": "20000002"
    },
    "model": "advising.mentor",
    "pk": 2
},
{
    "fields": {
        "username": "lavera",
        "first_name": "Lavera",
        "last_name": "Rumore",
        "univ_id": "20000003"
    },
    "model": "advising.mentor",
    "pk": 3
},
{
    "fields": {
        "code": "G",
        "description": "Green",
        "order": 1
    },
    "model": "advising.status",
    "pk": 1
},
{
    "fields": {
        "code": "Y",
        "description": "Yellow",
        "order": 2
    },
    "model": "advising.status",
    "pk": 2
},
{
    "fields": {
        "code": "R",
        "description": "Red",
        "order": 3
    },
    "model": "advising.status",
    "pk": 3
},
{
    "fields": {
        "username": "grace",
        "first_name": "Grace",
        "last_name": "Devilbiss",
        "univ_id": "10000001"
    },
    "model": "advising.student",
    "pk": 1
},
{
    "fields": {
        "username": "sandra",
        "first_name": "Sandra",
        "last_name": "Hollis",
        "univ_id": "10000002"
    },
    "model": "advising.student",
    "pk": 2
},
{
    "fields": {
        "username": "shannon",
        "first_name": "Shannon",
        "last_name": "Pedersen",
        "univ_id": "10000003"
    },
    "model": "advising.student",
    "pk": 3
},
{
    "fields": {
        "username": "may",
        "first_name": "May",
        "last_name": "Mejorado",
        "univ_id": "10000004"
    },
    "model": "advising.student",
    "pk": 4
},
{
    "fields": {
        "username": "gianna",
        "first_name": "Gianna",
        "last_name": "Fekete",
        "univ_id": "10000005"
    },
    "model": "advising.student",
    "pk": 5
},
{
    "fields": {
        "username": "caroyln",
        "first_name": "Caroyln",
        "last_name": "Grayer",
        "univ_id": "10000006"
    },
    "model": "advising.student",
    "pk": 6
},
{
    "fields": {
        "username": "clelia",
        "first_name": "Clelia",
        "last_name": "Glessner",
        "univ_id": "10000007"
    },
    "model": "advising.student",
    "pk": 7
},
{
    "fields": {
        "username": "theo",
        "first_name": "Theo",
        "last_name": "Callan",
        "univ_id": "10000008"
    },
    "model": "advising.student",
    "pk": 8
},
{
    "fields": {
        "username": "janell",
        "first_name": "Janell",
        "last_name": "Deckard",
        "univ_id": "10000009"
    },
    "model": "advising.student",
    "pk": 9
},
{
    "fields": {
        "username": "deirdre",
        "first_name": "Deirdre",
        "last_name": "Haupt",
        "univ_id": "10000010"
    },
    "model": "advising.student",
    "pk": 10
},
{
    "fields": {
        "username": "lesha",
        "first_name": "Lesha",
        "last_name": "Paulino",
        "univ_id": "10000011"
    },
    "model": "advising.student",
    "pk": 11
},
{
    "fields": {
        "username": "valentin",
        "first_name": "Valentin",
        "last_name": "Aziz",
        "univ_id": "10000012"
    },
    "model": "advising.student",
    "pk": 12
},
{
    "fields": {
        "username": "evangelina",
        "first_name": "Evangelina",
        "last_name": "Manchester",
        "univ_id": "10000013"
    },
    "model": "advising.student",
    "pk": 13
},
{
    "fields": {
        "username": "jeana",
        "first_name": "Jeana",
        "last_name": "Caver",
        "univ_id": "10000014"
    },
    "model": "advising.student",
    "pk": 14
},
{
    "fields": {
        "username": "wendi",
        "first_name": "Wendi",
        "last_name": "Minyard",
        "univ_id": "10000015"
    },
    "model": "advising.student",
    "pk": 15
},
{
    "fields": {
        "username": "gabriela",
        "first_name": "Gabriela",
        "last_name": "Rea",
        "univ_id": "10000016"
    },
    "model": "advising.student",
    "pk": 16
},
{
    "fields": {
        "username": "deeanna",
        "first_name": "Deeanna",
        "last_name": "Buss",
        "univ_id": "10000017"
    },
    "model": "advising.student",
    "pk": 17
},
{
    "fields": {
        "username": "gennie",
        "first_name": "Gennie",
        "last_name": "Ditmore",
        "univ_id": "10000018"
    },
    "model": "advising.student",
    "pk": 18
},
{
    "fields": {
        "username": "geneva",
        "first_name": "Geneva",
        "last_name": "Michie",
        "univ_id": "10000019"
    },
    "model": "advising.student",
    "pk": 19
},
{
    "fields": {
        "username": "desmond",
        "first_name": "Desmond",
        "last_name": "Foxx",
        "univ_id": "10000020"
    },
    "model": "advising.student",
    "pk": 20
},
{
    "fields": {
        "username": "james",
        "first_name": "James",
        "last_name": "Bond",
        "univ_id": "10000021"
    },
    "model": "advising.student",
    "pk": 21
},
{
    "fields": {
        "username": "mike",
        "first_name": "Mike",
        "last_name": "Brown",
        "univ_id": "10000022"
    },
    "model": "advising.student",
    "pk": 22
},
{
    "fields": {
        "username": "nocourses",
        "first_name": "Nocourses",
        "last_name": "Guy",
        "univ_id": "10000023"
    },
    "model": "advising.student",
    "pk": 23
},
{
    "fields": {
        "code": "1000",
        "begin_date": "2015-09-08",
        "description": "Fall 2015",
        "end_date": "2015-12-14"
    },
    "model": "advising.term",
    "pk": 1
},
{
    "fields": {
        "code": "CTLS",
        "description": "CTools",
        "long_description": "CTools Application"
    },
    "model": "advising.sourcesystem",
    "pk": 1
},
{
    "fields": {
        "code": "CNVS",
        "description": "Canvas",
        "long_description": "Canvas Application"
    },
    "model": "advising.sourcesystem",
    "pk": 2
},
{
    "fields": {
        "code": "DEPT",
        "description": "Department Advisor"
    },
    "model": "advising.advisorrole",
    "pk": 1
},
{
    "fields": {
        "code": "ATHL",
        "description": "Athletics Advisor"
    },
    "model": "advising.advisorrole",
    "pk": 2
},
{
    "fields": {
        "code": "HNRS",
        "description": "Honors Advisor"
    },
    "model": "advising.advisorrole",
    "pk": 3
},
{
    "fields": {
        "source_system": 2,
        "code": "589",
        "description": "Intro Quiz"
    },
    "model": "advising.assignment",
    "pk": 1
},
{
    "fields": {
        "source_system": 2,
        "code": "590",
        "description": "Quiz 1"
    },
    "model": "advising.assignment",
    "pk": 2
},
{
    "fields": {
        "source_system": 2,
        "code": "815",
        "description": "Quiz 2"
    },
    "model": "advising.assignment",
    "pk": 3
},
{
    "fields": {
        "source_system": 2,
        "code": "817",
        "description": "Quiz 3"
    },
    "model": "advising.assignment",
    "pk": 4
},
{
    "fields": {
        "source_system": 2,
        "code": "818",
        "description": "Quiz 4"
    },
    "model": "advising.assignment",
    "pk": 5
},
{
    "fields": {
        "source_system": 2,
        "code": "816",
        "description": "Quiz 6"
    },
    "model": "advising.assignment",
    "pk": 6
},
{
    "fields": {
        "source_system": 2,
        "code": "822",
        "description": "Homework 1"
    },
    "model": "advising.assignment",
    "pk": 7
},
{
    "fields": {
        "source_system": 2,
        "code": "813",
        "description": "Quiz 7"
    },
    "model": "advising.assignment",
    "pk": 8
},
{
    "fields": {
        "source_system": 2,
        "code": "820",
        "description": "Quiz 10"
    },
    "model": "advising.assignment",
    "pk": 9
},
{
    "fields": {
        "source_system": 2,
        "code": "814",
        "description": "Quiz 5"
    },
    "model": "advising.assignment",
    "pk": 10
},
{
    "fields": {
        "source_system": 2,
        "code": "810",
        "description": "Homework 2"
    },
    "model": "advising.assignment",
    "pk": 11
},
{
    "fields": {
        "source_system": 2,
        "code": "006",
        "description": "Homework 3"
    },
    "model": "advising.assignment",
    "pk": 12
},
{
    "fields": {
        "source_system": 2,
        "code": "747",
        "description": "Quiz extra 1"
    },
    "model": "advising.assignment",
    "pk": 13
},
{
    "fields": {
        "source_system": 2,
        "code": "819",
        "description": "Homework 4"
    },
    "model": "advising.assignment",
    "pk": 14
},
{
    "fields": {
        "source_system": 2,
        "code": "062",
        "description": "Quiz extra 2"
    },
    "model": "advising.assignment",
    "pk": 15
},
{
    "fields": {
        "source_system": 2,
        "code": "374",
        "description": "Assessment"
    },
    "model": "advising.assignment",
    "pk": 16
},
{
    "fields": {
        "source_system": 2,
        "code": "936",
        "description": "Exam 1"
    },
    "model": "advising.assignment",
    "pk": 17
},
{
    "fields": {
        "source_system": 1,
        "code": "1",
        "description": "Math 101"
    },
    "model": "advising.classsite",
    "pk": 1
},
{
    "fields": {
        "source_system": 1,
        "code": "2",
        "description": "Math 101 Lab"
    },
    "model": "advising.classsite",
    "pk": 2
},
{
    "fields": {
        "source_system": 1,
        "code": "3",
        "description": "Physics 101"
    },
    "model": "advising.classsite",
    "pk": 3
},
{
    "fields": {
        "source_system": 1,
        "code": "4",
        "description": "Physics 101 Lab"
    },
    "model": "advising.classsite",
    "pk": 4
},
{
    "fields": {
        "source_system": 2,
        "code": "5",
        "description": "English 101"
    },
    "model": "advising.classsite",
    "pk": 5
},
{
    "fields": {
        "source_system": 2,
        "code": "6",
        "description": "History 101"
    },
    "model": "advising.classsite",
    "pk": 6
},
{
    "fields": {
        "source_system": null,
        "code": "SPPRO-F14",
        "group": "CSP",
        "description": "Special Probation F14"
    },
    "model": "advising.cohort",
    "pk": 1
},
{
    "fields": {
        "source_system": null,
        "code": "SPPRO-W15",
        "group": "CSP",
        "description": "Special Probation W15"
    },
    "model": "advising.cohort",
    "pk": 2
},
{
    "fields": {
        "source_system": null,
        "code": "SPPRO-F15",
        "group": "CSP",
        "description": "Special Probation F15"
    },
    "model": "advising.cohort",
    "pk": 3
},
{
    "fields": {
        "source_system": 1,
        "description": "session start"
    },
    "model": "advising.eventtype",
    "pk": 1
},
{
    "fields": {
        "class_site": 1,
        "term": 1
    },
    "model": "advising.classsiteterm",
    "pk": 1
},
{
    "fields": {
        "class_site": 2,
        "term": 1
    },
    "model": "advising.classsiteterm",
    "pk": 2
},
{
    "fields": {
        "role": 1,
        "student": 1,
        "advisor": 2
    },
    "model": "advising.studentadvisorrole",
    "pk": 1
},
{
    "fields": {
        "role": 1,
        "student": 2,
        "advisor": 5
    },
    "model": "advising.studentadvisorrole",
    "pk": 2
},
{
    "fields": {
        "role": 1,
        "student": 3,
        "advisor": 4
    },
    "model": "advising.studentadvisorrole",
    "pk": 3
},
{
    "fields": {
        "role": 1,
        "student": 4,
        "advisor": 2
    },
    "model": "advising.studentadvisorrole",
    "pk": 4
},
{
    "fields": {
        "role": 1,
        "student": 5,
        "advisor": 1
    },
    "model": "advising.studentadvisorrole",
    "pk": 5
},
{
    "fields": {
        "role": 1,
        "student": 5,
        "advisor": 5
    },
    "model": "advising.studentadvisorrole",
    "pk": 6
},
{
    "fields": {
        "role": 1,
        "student": 6,
        "advisor": 2
    },
    "model": "advising.studentadvisorrole",
    "pk": 7
},
{
    "fields": {
        "role": 1,
        "student": 7,
        "advisor": 4
    },
    "model": "advising.studentadvisorrole",
    "pk": 8
},
{
    "fields": {
        "role": 1,
        "student": 8,
        "advisor": 4
    },
    "model": "advising.studentadvisorrole",
    "pk": 9
},
{
    "fields": {
        "role": 1,
        "student": 9,
        "advisor": 2
    },
    "model": "advising.studentadvisorrole",
    "pk": 10
},
{
    "fields": {
        "role": 1,
        "student": 10,
        "advisor": 1
    },
    "model": "advising.studentadvisorrole",
    "pk": 11
},
{
    "fields": {
        "role": 2,
        "student": 10,
        "advisor": 2
    },
    "model": "advising.studentadvisorrole",
    "pk": 12
},
{
    "fields": {
        "role": 1,
        "student": 11,
        "advisor": 5
    },
    "model": "advising.studentadvisorrole",
    "pk": 13
},
{
    "fields": {
        "role": 1,
        "student": 12,
        "advisor": 2
    },
    "model": "advising.studentadvisorrole",
    "pk": 14
},
{
    "fields": {
        "role": 1,
        "student": 13,
        "advisor": 5
    },
    "model": "advising.studentadvisorrole",
    "pk": 15
},
{
    "fields": {
        "role": 1,
        "student": 14,
        "advisor": 3
    },
    "model": "advising.studentadvisorrole",
    "pk": 16
},
{
    "fields": {
        "role": 1,
        "student": 15,
        "advisor": 5
    },
    "model": "advising.studentadvisorrole",
    "pk": 17
},
{
    "fields": {
        "role": 1,
        "student": 16,
        "advisor": 3
    },
    "model": "advising.studentadvisorrole",
    "pk": 18
},
{
    "fields": {
        "role": 1,
        "student": 17,
        "advisor": 5
    },
    "model": "advising.studentadvisorrole",
    "pk": 19
},
{
    "fields": {
        "role": 1,
        "student": 18,
        "advisor": 5
    },
    "model": "advising.studentadvisorrole",
    "pk": 20
},
{
    "fields": {
        "role": 1,
        "student": 19,
        "advisor": 2
    },
    "model": "advising.studentadvisorrole",
    "pk": 21
},
{
    "fields": {
        "role": 1,
        "student": 20,
        "advisor": 4
    },
    "model": "advising.studentadvisorrole",
    "pk": 22
},
{
    "fields": {
        "role": 1,
        "student": 21,
        "advisor": 1
    },
    "model": "advising.studentadvisorrole",
    "pk": 23
},
{
    "fields": {
        "role": 2,
        "student": 21,
        "advisor": 1
    },
    "model": "advising.studentadvisorrole",
    "pk": 24
},
{
    "fields": {
        "role": 3,
        "student": 21,
        "advisor": 1
    },
    "model": "advising.studentadvisorrole",
    "pk": 25
},
{
    "fields": {
        "role": 1,
        "student": 21,
        "advisor": 2
    },
    "model": "advising.studentadvisorrole",
    "pk": 26
},
{
    "fields": {
        "role": 2,
        "student": 21,
        "advisor": 3
    },
    "model": "advising.studentadvisorrole",
    "pk": 27
},
{
    "fields": {
        "role": 3,
        "student": 21,
        "advisor": 2
    },
    "model": "advising.studentadvisorrole",
    "pk": 28
},
{
    "fields": {
        "role": 1,
        "student": 21,
        "advisor": 3
    },
    "model": "advising.studentadvisorrole",
    "pk": 29
},
{
    "fields": {
        "role": 1,
        "student": 22,
        "advisor": 6
    },
    "model": "advising.studentadvisorrole",
    "pk": 30
},
{
    "fields": {
        "role": 2,
        "student": 14,
        "advisor": 2
    },
    "model": "advising.studentadvisorrole",
    "pk": 31
},
{
    "fields": {
        "role": 3,
        "student": 16,
        "advisor": 2
    },
    "model": "advising.studentadvisorrole",
    "pk": 32
},
{
    "fields": {
        "role": 2,
        "student": 23,
        "advisor": 3
    },
    "model": "advising.studentadvisorrole",
    "pk": 33
},
{
    "fields": {
        "role": 1,
        "student": 23,
        "advisor": 1
    },
    "model": "advising.studentadvisorrole",
    "pk": 34
},
{
    "fields": {
        "cohort": 1,
        "mentor": 2,
        "student": 1
    },
    "model": "advising.studentcohortmentor",
    "pk": 1
},
{
    "fields": {
        "cohort": 1,
        "mentor": 1,
        "student": 2
    },
    "model": "advising.studentcohortmentor",
    "pk": 2
},
{
    "fields": {
        "cohort": 1,
        "mentor": 2,
        "student": 3
    },
    "model": "advising.studentcohortmentor",
    "pk": 3
},
{
    "fields": {
        "cohort": 1,
        "mentor": 1,
        "student": 4
    },
    "model": "advising.studentcohortmentor",
    "pk": 4
},
{
    "fields": {
        "cohort": 1,
        "mentor": 3,
        "student": 5
    },
    "model": "advising.studentcohortmentor",
    "pk": 5
},
{
    "fields": {
        "cohort": 1,
        "mentor": 2,
        "student": 6
    },
    "model": "advising.studentcohortmentor",
    "pk": 6
},
{
    "fields": {
        "cohort": 2,
        "mentor": 1,
        "student": 6
    },
    "model": "advising.studentcohortmentor",
    "pk": 7
},
{
    "fields": {
        "cohort": 1,
        "mentor": 2,
        "student": 21
    },
    "model": "advising.studentcohortmentor",
    "pk": 8
},
{
    "fields": {
        "cohort": 2,
        "mentor": 3,
        "student": 21
    },
    "model": "advising.studentcohortmentor",
    "pk": 9
},
{
    "fields": {
        "cohort": 3,
        "mentor": 1,
        "student": 21
    },
    "model": "advising.studentcohortmentor",
    "pk": 10
},
{
    "fields": {
        "cohort": 2,
        "mentor": 1,
        "student": 22
    },
    "model": "advising.studentcohortmentor",
    "pk": 11
},
{
    "fields": {
        "cohort": 1,
        "mentor": 1,
        "student": 22
    },
    "model": "advising.studentcohortmentor",
    "pk": 12
},
{
    "fields": {
        "cohort": 3,
        "mentor": 1,
        "student": 7
    },
    "model": "advising.studentcohortmentor",
    "pk": 13
},
{
    "fields": {
        "cohort": 2,
        "mentor": 2,
        "student": 8
    },
    "model": "advising.studentcohortmentor",
    "pk": 14
},
{
    "fields": {
        "cohort": 2,
        "mentor": 1,
        "student": 9
    },
    "model": "advising.studentcohortmentor",
    "pk": 15
},
{
    "fields": {
        "cohort": 1,
        "mentor": 3,
        "student": 10
    },
    "model": "advising.studentcohortmentor",
    "pk": 16
},
{
    "fields": {
        "cohort": 3,
        "mentor": 1,
        "student": 11
    },
    "model": "advising.studentcohortmentor",
    "pk": 17
},
{
    "fields": {
        "cohort": 3,
        "mentor": 1,
        "student": 12
    },
    "model": "advising.studentcohortmentor",
    "pk": 18
},
{
    "fields": {
        "cohort": 1,
        "mentor": 1,
        "student": 13
    },
    "model": "advising.studentcohortmentor",
    "pk": 19
},
{
    "fields": {
        "cohort": 3,
        "mentor": 1,
        "student": 14
    },
    "model": "advising.studentcohortmentor",
    "pk": 20
},
{
    "fields": {
        "cohort": 2,
        "mentor": 2,
        "student": 15
    },
    "model": "advising.studentcohortmentor",
    "pk": 21
},
{
    "fields": {
        "cohort": 1,
        "mentor": 1,
        "student": 16
    },
    "model": "advising.studentcohortmentor",
    "pk": 22
},
{
    "fields": {
        "cohort": 2,
        "mentor": 3,
        "student": 16
    },
    "model": "advising.studentcohortmentor",
    "pk": 23
},
{
    "fields": {
        "cohort": 3,
        "mentor": 1,
        "student": 17
    },
    "model": "advising.studentcohortmentor",
    "pk": 24
},
{
    "fields": {
        "cohort": 1,
        "mentor": 1,
        "student": 18
    },
    "model": "advising.studentcohortmentor",
    "pk": 25
},
{
    "fields": {
        "cohort": 2,
        "mentor": 1,
        "student": 19
    },
    "model": "advising.studentcohortmentor",
    "pk": 26
},
{
    "fields": {
        "cohort": 3,
        "mentor": 1,
        "student": 20
    },
    "model": "advising.studentcohortmentor",
    "pk": 27
},
{
    "fields": {
        "cohort": 3,
        "mentor": 2,
        "student": 23
    },
    "model": "advising.studentcohortmentor",
    "pk": 28
},
{
    "fields": {
        "class_site": 1,
        "current_score_average": 88.1
    },
    "model": "advising.classsitescore",
    "pk": 1
},
{
    "fields": {
        "class_site": 2,
        "current_score_average": 81.9
    },
    "model": "advising.classsitescore",
    "pk": 2
},
{
    "fields": {
        "class_site": 1,
        "current_score_average": 83.8,
        "student": 1
    },
    "model": "advising.studentclasssitescore",
    "pk": 1
},
{
    "fields": {
        "class_site": 2,
        "current_score_average": 86.3,
        "student": 1
    },
    "model": "advising.studentclasssitescore",
    "pk": 2
},
{
    "fields": {
        "due_date": null,
        "weight": 1.0,
        "assignment": 1,
        "points_possible": 0.0,
        "points_earned": 0.0,
        "class_points_possible": -2.0,
        "class_site": 2,
        "included_in_grade": "Y",
        "grader_comment": "",
        "student": 1,
        "class_points_earned": 0.0
    },
    "model": "advising.studentclasssiteassignment",
    "pk": 26
},
{
    "fields": {
        "due_date": "2015-09-15",
        "weight": 0.0,
        "assignment": 2,
        "points_possible": 10.0,
        "points_earned": 5.0,
        "class_points_possible": 210.0,
        "class_site": 2,
        "included_in_grade": "Y",
        "grader_comment": "",
        "student": 1,
        "class_points_earned": 173.0
    },
    "model": "advising.studentclasssiteassignment",
    "pk": 27
},
{
    "fields": {
        "due_date": "2015-09-16",
        "weight": 0.0,
        "assignment": 3,
        "points_possible": 6.0,
        "points_earned": 5.0,
        "class_points_possible": 126.0,
        "class_site": 2,
        "included_in_grade": "Y",
        "grader_comment": "",
        "student": 1,
        "class_points_earned": 114.0
    },
    "model": "advising.studentclasssiteassignment",
    "pk": 28
},
{
    "fields": {
        "due_date": "2015-09-29",
        "weight": 0.0,
        "assignment": 4,
        "points_possible": 10.0,
        "points_earned": 8.0,
        "class_points_possible": 220.0,
        "class_site": 2,
        "included_in_grade": "Y",
        "grader_comment": "",
        "student": 1,
        "class_points_earned": 182.0
    },
    "model": "advising.studentclasssiteassignment",
    "pk": 29
},
{
    "fields": {
        "due_date": "2015-09-29",
        "weight": 0.0,
        "assignment": 5,
        "points_possible": 15.0,
        "points_earned": 14.4,
        "class_points_possible": 315.0,
        "class_site": 2,
        "included_in_grade": "Y",
        "grader_comment": "Nice work!",
        "student": 1,
        "class_points_earned": 294.1
    },
    "model": "advising.studentclasssiteassignment",
    "pk": 30
},
{
    "fields": {
        "due_date": "2015-10-02",
        "weight": 0.0,
        "assignment": 6,
        "points_possible": 10.0,
        "points_earned": 3.0,
        "class_points_possible": 220.0,
        "class_site": 2,
        "included_in_grade": "Y",
        "grader_comment": "See me at office hours.",
        "student": 1,
        "class_points_earned": 154.0
    },
    "model": "advising.studentclasssiteassignment",
    "pk": 31
},
{
    "fields": {
        "due_date": "2015-10-06",
        "weight": 0.0,
        "assignment": 7,
        "points_possible": 20.0,
        "points_earned": 18.3,
        "class_points_possible": 440.0,
        "class_site": 2,
        "included_in_grade": "Y",
        "grader_comment": "",
        "student": 1,
        "class_points_earned": 397.7
    },
    "model": "advising.studentclasssiteassignment",
    "pk": 32
},
{
    "fields": {
        "due_date": "2015-10-07",
        "weight": 0.0,
        "assignment": 8,
        "points_possible": 10.0,
        "points_earned": 9.0,
        "class_points_possible": 210.0,
        "class_site": 2,
        "included_in_grade": "Y",
        "grader_comment": "",
        "student": 1,
        "class_points_earned": 175.5
    },
    "model": "advising.studentclasssiteassignment",
    "pk": 33
},
{
    "fields": {
        "due_date": "2015-10-13",
        "weight": 0.0,
        "assignment": 9,
        "points_possible": 15.0,
        "points_earned": 13.0,
        "class_points_possible": 315.0,
        "class_site": 2,
        "included_in_grade": "Y",
        "grader_comment": "",
        "student": 1,
        "class_points_earned": 299.2
    },
    "model": "advising.studentclasssiteassignment",
    "pk": 34
},
{
    "fields": {
        "due_date": "2015-10-22",
        "weight": 0.0,
        "assignment": 10,
        "points_possible": 10.0,
        "points_earned": 9.0,
        "class_points_possible": 210.0,
        "class_site": 2,
        "included_in_grade": "Y",
        "grader_comment": "",
        "student": 1,
        "class_points_earned": 182.0
    },
    "model": "advising.studentclasssiteassignment",
    "pk": 35
},
{
    "fields": {
        "due_date": "2015-10-29",
        "weight": 0.0,
        "assignment": 11,
        "points_possible": 0.0,
        "points_earned": 3.0,
        "class_points_possible": 0.0,
        "class_site": 2,
        "included_in_grade": "Y",
        "grader_comment": "",
        "student": 1,
        "class_points_earned": 42.0
    },
    "model": "advising.studentclasssiteassignment",
    "pk": 36
},
{
    "fields": {
        "due_date": "2015-10-29",
        "weight": 0.0,
        "assignment": 12,
        "points_possible": 10.0,
        "points_earned": 4.0,
        "class_points_possible": 220.0,
        "class_site": 2,
        "included_in_grade": "Y",
        "grader_comment": "",
        "student": 1,
        "class_points_earned": 165.5
    },
    "model": "advising.studentclasssiteassignment",
    "pk": 37
},
{
    "fields": {
        "due_date": "2015-11-03",
        "weight": 0.0,
        "assignment": 13,
        "points_possible": 15.0,
        "points_earned": 12.3,
        "class_points_possible": 330.0,
        "class_site": 2,
        "included_in_grade": "Y",
        "grader_comment": "",
        "student": 1,
        "class_points_earned": 279.7
    },
    "model": "advising.studentclasssiteassignment",
    "pk": 38
},
{
    "fields": {
        "due_date": "2015-11-03",
        "weight": 0.0,
        "assignment": 14,
        "points_possible": 0.0,
        "points_earned": 4.0,
        "class_points_possible": 0.0,
        "class_site": 2,
        "included_in_grade": "Y",
        "grader_comment": "",
        "student": 1,
        "class_points_earned": 65.0
    },
    "model": "advising.studentclasssiteassignment",
    "pk": 39
},
{
    "fields": {
        "due_date": "2015-11-03",
        "weight": 0.0,
        "assignment": 15,
        "points_possible": 10.0,
        "points_earned": 6.0,
        "class_points_possible": 220.0,
        "class_site": 2,
        "included_in_grade": "Y",
        "grader_comment": "",
        "student": 1,
        "class_points_earned": 183.0
    },
    "model": "advising.studentclasssiteassignment",
    "pk": 40
},
{
    "fields": {
        "due_date": "2015-10-14",
        "weight": 1.0,
        "assignment": 17,
        "points_possible": 100.0,
        "points_earned": 82.0,
        "class_points_possible": 141900.0,
        "class_site": 1,
        "included_in_grade": "Y",
        "grader_comment": null,
        "student": 1,
        "class_points_earned": 102443.0
    },
    "model": "advising.studentclasssiteassignment",
    "pk": 41
},
{
    "fields": {
        "due_date": "2015-09-14",
        "weight": 1.0,
        "assignment": 16,
        "points_possible": 22.0,
        "points_earned": 0.0,
        "class_points_possible": 32736.0,
        "class_site": 1,
        "included_in_grade": "Y",
        "grader_comment": null,
        "student": 1,
        "class_points_earned": 0.0
    },
    "model": "advising.studentclasssiteassignment",
    "pk": 42
},
{
    "fields": {
        "class_site": 1,
        "status": 2,
        "student": 1
    },
    "model": "advising.studentclasssitestatus",
    "pk": 1
},
{
    "fields": {
        "class_site": 2,
        "status": 1,
        "student": 1
    },
    "model": "advising.studentclasssitestatus",
    "pk": 2
},
{
    "fields": {
        "class_site": 1,
        "status": 1,
        "student": 2
    },
    "model": "advising.studentclasssitestatus",
    "pk": 3
},
{
    "fields": {
        "class_site": 2,
        "status": 3,
        "student": 3
    },
    "model": "advising.studentclasssitestatus",
    "pk": 4
},
{
    "fields": {
        "class_site": 3,
        "status": 3,
        "student": 5
    },
    "model": "advising.studentclasssitestatus",
    "pk": 5
},
{
    "fields": {
        "class_site": 2,
        "status": 2,
        "student": 6
    },
    "model": "advising.studentclasssitestatus",
    "pk": 6
},
{
    "fields": {
        "class_site": 1,
        "status": 1,
        "student": 7
    },
    "model": "advising.studentclasssitestatus",
    "pk": 7
},
{
    "fields": {
        "class_site": 4,
        "status": 3,
        "student": 9
    },
    "model": "advising.studentclasssitestatus",
    "pk": 8
},
{
    "fields": {
        "class_site": 2,
        "status": 2,
        "student": 11
    },
    "model": "advising.studentclasssitestatus",
    "pk": 9
},
{
    "fields": {
        "class_site": 3,
        "status": 3,
        "student": 11
    },
    "model": "advising.studentclasssitestatus",
    "pk": 10
},
{
    "fields": {
        "class_site": 4,
        "status": 3,
        "student": 11
    },
    "model": "advising.studentclasssitestatus",
    "pk": 11
},
{
    "fields": {
        "class_site": 5,
        "status": 2,
        "student": 21
    },
    "model": "advising.studentclasssitestatus",
    "pk": 12
},
{
    "fields": {
        "class_site": 6,
        "status": 1,
        "student": 21
    },
    "model": "advising.studentclasssitestatus",
    "pk": 13
},
{
    "fields": {
        "class_site": 4,
        "status": 3,
        "student": 21
    },
    "model": "advising.studentclasssitestatus",
    "pk": 14
},
{
    "fields": {
        "class_site": 2,
        "status": 1,
        "student": 21
    },
    "model": "advising.studentclasssitestatus",
    "pk": 15
},
{
    "fields": {
        "class_site": 3,
        "status": 3,
        "student": 21
    },
    "model": "advising.studentclasssitestatus",
    "pk": 16
},
{
    "fields": {
        "class_site": 2,
        "status": 2,
        "student": 22
    },
    "model": "advising.studentclasssitestatus",
    "pk": 17
},
{
    "fields": {
        "class_site": 1,
        "status": 3,
        "student": 22
    },
    "model": "advising.studentclasssitestatus",
    "pk": 18
},
{
    "fields": {
        "class_site": 3,
        "status": 3,
        "student": 22
    },
    "model": "advising.studentclasssitestatus",
    "pk": 19
},
{
    "fields": {
        "class_site": 6,
        "status": 1,
        "student": 22
    },
    "model": "advising.studentclasssitestatus",
    "pk": 20
},
{
    "fields": {
        "class_site": 4,
        "status": 2,
        "student": 22
    },
    "model": "advising.studentclasssitestatus",
    "pk": 21
},
{
    "fields": {
        "class_site": 2,
        "status": 1,
        "student": 10
    },
    "model": "advising.studentclasssitestatus",
    "pk": 22
},
{
    "fields": {
        "class_site": 3,
        "status": 2,
        "student": 12
    },
    "model": "advising.studentclasssitestatus",
    "pk": 23
},
{
    "fields": {
        "class_site": 5,
        "status": 3,
        "student": 13
    },
    "model": "advising.studentclasssitestatus",
    "pk": 24
},
{
    "fields": {
        "class_site": 6,
        "status": 2,
        "student": 14
    },
    "model": "advising.studentclasssitestatus",
    "pk": 25
},
{
    "fields": {
        "class_site": 4,
        "status": 1,
        "student": 14
    },
    "model": "advising.studentclasssitestatus",
    "pk": 26
},
{
    "fields": {
        "class_site": 1,
        "status": 2,
        "student": 14
    },
    "model": "advising.studentclasssitestatus",
    "pk": 27
},
{
    "fields": {
        "class_site": 3,
        "status": 2,
        "student": 15
    },
    "model": "advising.studentclasssitestatus",
    "pk": 28
},
{
    "fields": {
        "class_site": 5,
        "status": 3,
        "student": 16
    },
    "model": "advising.studentclasssitestatus",
    "pk": 29
},
{
    "fields": {
        "class_site": 4,
        "status": 1,
        "student": 16
    },
    "model": "advising.studentclasssitestatus",
    "pk": 30
},
{
    "fields": {
        "class_site": 5,
        "status": 2,
        "student": 4
    },
    "model": "advising.studentclasssitestatus",
    "pk": 31
},
{
    "fields": {
        "class_site": 5,
        "status": 1,
        "student": 17
    },
    "model": "advising.studentclasssitestatus",
    "pk": 32
},
{
    "fields": {
        "class_site": 6,
        "status": 3,
        "student": 17
    },
    "model": "advising.studentclasssitestatus",
    "pk": 33
},
{
    "fields": {
        "class_site": 2,
        "status": 2,
        "student": 18
    },
    "model": "advising.studentclasssitestatus",
    "pk": 34
},
{
    "fields": {
        "class_site": 4,
        "status": 1,
        "student": 19
    },
    "model": "advising.studentclasssitestatus",
    "pk": 35
},
{
    "fields": {
        "class_site": 1,
        "status": 3,
        "student": 20
    },
    "model": "advising.studentclasssitestatus",
    "pk": 36
},
{
    "fields": {
        "class_site": 3,
        "status": 2,
        "student": 8
    },
    "model": "advising.studentclasssitestatus",
    "pk": 37
},
{
    "fields": {
        "class_site": 6,
        "status": 3,
        "student": 8
    },
    "model": "advising.studentclasssitestatus",
    "pk": 38
},
{
    "fields": {
        "class_site": 5,
        "status": 3,
        "student": 8
    },
    "model": "advising.studentclasssitestatus",
    "pk": 39
},
{
    "fields": {
        "class_site": 1,
        "week_end_date": "2015-09-12",
        "score": 0.0
    },
    "model": "advising.weeklyclasssitescore",
    "pk": 1
},
{
    "fields": {
        "class_site": 1,
        "week_end_date": "2015-09-19",
        "score": 0.07
    },
    "model": "advising.weeklyclasssitescore",
    "pk": 2
},
{
    "fields": {
        "class_site": 1,
        "week_end_date": "2015-09-26",
        "score": 0.0
    },
    "model": "advising.weeklyclasssitescore",
    "pk": 3
},
{
    "fields": {
        "class_site": 1,
        "week_end_date": "2015-10-03",
        "score": 0.0
    },
    "model": "advising.weeklyclasssitescore",
    "pk": 4
},
{
    "fields": {
        "class_site": 1,
        "week_end_date": "2015-10-10",
        "score": 58.34
    },
    "model": "advising.weeklyclasssitescore",
    "pk": 5
},
{
    "fields": {
        "class_site": 1,
        "week_end_date": "2015-10-17",
        "score": 58.23
    },
    "model": "advising.weeklyclasssitescore",
    "pk": 6
},
{
    "fields": {
        "class_site": 1,
        "week_end_date": "2015-10-24",
        "score": 57.8
    },
    "model": "advising.weeklyclasssitescore",
    "pk": 7
},
{
    "fields": {
        "class_site": 1,
        "week_end_date": "2015-10-31",
        "score": 57.37
    },
    "model": "advising.weeklyclasssitescore",
    "pk": 8
},
{
    "fields": {
        "class_site": 2,
        "week_end_date": "2015-09-12",
        "score": 81.5
    },
    "model": "advising.weeklyclasssitescore",
    "pk": 9
},
{
    "fields": {
        "class_site": 2,
        "week_end_date": "2015-09-19",
        "score": 81.4
    },
    "model": "advising.weeklyclasssitescore",
    "pk": 10
},
{
    "fields": {
        "class_site": 2,
        "week_end_date": "2015-09-26",
        "score": 83.33
    },
    "model": "advising.weeklyclasssitescore",
    "pk": 11
},
{
    "fields": {
        "class_site": 2,
        "week_end_date": "2015-10-03",
        "score": 85.32
    },
    "model": "advising.weeklyclasssitescore",
    "pk": 12
},
{
    "fields": {
        "class_site": 2,
        "week_end_date": "2015-10-10",
        "score": 86.1
    },
    "model": "advising.weeklyclasssitescore",
    "pk": 13
},
{
    "fields": {
        "class_site": 2,
        "week_end_date": "2015-10-17",
        "score": 86.5
    },
    "model": "advising.weeklyclasssitescore",
    "pk": 14
},
{
    "fields": {
        "class_site": 2,
        "week_end_date": "2015-10-24",
        "score": 88.1
    },
    "model": "advising.weeklyclasssitescore",
    "pk": 15
},
{
    "fields": {
        "class_site": 2,
        "week_end_date": "2015-10-31",
        "score": 88.4
    },
    "model": "advising.weeklyclasssitescore",
    "pk": 16
},
{
    "fields": {
        "cumulative_percentile_rank": 0.73,
        "week_end_date": "2015-09-12",
        "event_type": 1,
        "cumulative_event_count": 0,
        "event_count": 0,
        "percentile_rank": 0.73,
        "class_site": 2,
        "student": 1
    },
    "model": "advising.weeklystudentclasssiteevent",
    "pk": 1
},
{
    "fields": {
        "cumulative_percentile_rank": 0.59,
        "week_end_date": "2015-09-19",
        "event_type": 1,
        "cumulative_event_count": 3,
        "event_count": 3,
        "percentile_rank": 0.68,
        "class_site": 2,
        "student": 1
    },
    "model": "advising.weeklystudentclasssiteevent",
    "pk": 2
},
{
    "fields": {
        "cumulative_percentile_rank": 0.41,
        "week_end_date": "2015-09-26",
        "event_type": 1,
        "cumulative_event_count": 10,
        "event_count": 7,
        "percentile_rank": 0.45,
        "class_site": 2,
        "student": 1
    },
    "model": "advising.weeklystudentclasssiteevent",
    "pk": 3
},
{
    "fields": {
        "cumulative_percentile_rank": 0.36,
        "week_end_date": "2015-10-03",
        "event_type": 1,
        "cumulative_event_count": 14,
        "event_count": 4,
        "percentile_rank": 0.59,
        "class_site": 2,
        "student": 1
    },
    "model": "advising.weeklystudentclasssiteevent",
    "pk": 4
},
{
    "fields": {
        "cumulative_percentile_rank": 0.32,
        "week_end_date": "2015-10-10",
        "event_type": 1,
        "cumulative_event_count": 19,
        "event_count": 5,
        "percentile_rank": 0.45,
        "class_site": 2,
        "student": 1
    },
    "model": "advising.weeklystudentclasssiteevent",
    "pk": 5
},
{
    "fields": {
        "cumulative_percentile_rank": 0.36,
        "week_end_date": "2015-10-17",
        "event_type": 1,
        "cumulative_event_count": 23,
        "event_count": 4,
        "percentile_rank": 0.86,
        "class_site": 2,
        "student": 1
    },
    "model": "advising.weeklystudentclasssiteevent",
    "pk": 6
},
{
    "fields": {
        "cumulative_percentile_rank": 0.36,
        "week_end_date": "2015-10-24",
        "event_type": 1,
        "cumulative_event_count": 29,
        "event_count": 6,
        "percentile_rank": 0.86,
        "class_site": 2,
        "student": 1
    },
    "model": "advising.weeklystudentclasssiteevent",
    "pk": 7
},
{
    "fields": {
        "cumulative_percentile_rank": 0.5,
        "week_end_date": "2015-10-31",
        "event_type": 1,
        "cumulative_event_count": 35,
        "event_count": 6,
        "percentile_rank": 0.86,
        "class_site": 2,
        "student": 1
    },
    "model": "advising.weeklystudentclasssiteevent",
    "pk": 8
},
{
    "fields": {
        "class_site": 1,
        "week_end_date": "2015-09-12",
        "score": 0.0,
        "student": 1
    },
    "model": "advising.weeklystudentclasssitescore",
    "pk": 1
},
{
    "fields": {
        "class_site": 1,
        "week_end_date": "2015-09-19",
        "score": 0.0,
        "student": 1
    },
    "model": "advising.weeklystudentclasssitescore",
    "pk": 2
},
{
    "fields": {
        "class_site": 1,
        "week_end_date": "2015-09-26",
        "score": 0.0,
        "student": 1
    },
    "model": "advising.weeklystudentclasssitescore",
    "pk": 3
},
{
    "fields": {
        "class_site": 1,
        "week_end_date": "2015-10-03",
        "score": 0.0,
        "student": 1
    },
    "model": "advising.weeklystudentclasssitescore",
    "pk": 4
},
{
    "fields": {
        "class_site": 1,
        "week_end_date": "2015-10-10",
        "score": 65.4,
        "student": 1
    },
    "model": "advising.weeklystudentclasssitescore",
    "pk": 5
},
{
    "fields": {
        "class_site": 1,
        "week_end_date": "2015-10-17",
        "score": 67.7,
        "student": 1
    },
    "model": "advising.weeklystudentclasssitescore",
    "pk": 6
},
{
    "fields": {
        "class_site": 1,
        "week_end_date": "2015-10-24",
        "score": 67.7,
        "student": 1
    },
    "model": "advising.weeklystudentclasssitescore",
    "pk": 7
},
{
    "fields": {
        "class_site": 1,
        "week_end_date": "2015-10-31",
        "score": 67.7,
        "student": 1
    },
    "model": "advising.weeklystudentclasssitescore",
    "pk": 8
},
{
    "fields": {
        "class_site": 2,
        "week_end_date": "2015-09-12",
        "score": 62.2,
        "student": 1
    },
    "model": "advising.weeklystudentclasssitescore",
    "pk": 9
},
{
    "fields": {
        "class_site": 2,
        "week_end_date": "2015-09-19",
        "score": 62.2,
        "student": 1
    },
    "model": "advising.weeklystudentclasssitescore",
    "pk": 10
},
{
    "fields": {
        "class_site": 2,
        "week_end_date": "2015-09-26",
        "score": 69.0,
        "student": 1
    },
    "model": "advising.weeklystudentclasssitescore",
    "pk": 11
},
{
    "fields": {
        "class_site": 2,
        "week_end_date": "2015-10-03",
        "score": 78.6,
        "student": 1
    },
    "model": "advising.weeklystudentclasssitescore",
    "pk": 12
},
{
    "fields": {
        "class_site": 2,
        "week_end_date": "2015-10-10",
        "score": 78.4,
        "student": 1
    },
    "model": "advising.weeklystudentclasssitescore",
    "pk": 13
},
{
    "fields": {
        "class_site": 2,
        "week_end_date": "2015-10-17",
        "score": 77.7,
        "student": 1
    },
    "model": "advising.weeklystudentclasssitescore",
    "pk": 14
},
{
    "fields": {
        "class_site": 2,
        "week_end_date": "2015-10-24",
        "score": 79.3,
        "student": 1
    },
    "model": "advising.weeklystudentclasssitescore",
    "pk": 15
},
{
    "fields": {
        "class_site": 2,
        "week_end_date": "2015-10-31",
        "score": 81.2,
        "student": 1
    },
    "model": "advising.weeklystudentclasssitescore",
    "pk": 16
},
{
    "fields": {
        "class_site": 1,
        "week_end_date": "2015-09-12",
        "status": 1,
        "student": 3
    },
    "model": "advising.weeklystudentclasssitestatus",
    "pk": 1
},
{
    "fields": {
        "class_site": 1,
        "week_end_date": "2015-09-19",
        "status": 1,
        "student": 3
    },
    "model": "advising.weeklystudentclasssitestatus",
    "pk": 2
},
{
    "fields": {
        "class_site": 1,
        "week_end_date": "2015-09-26",
        "status": 1,
        "student": 3
    },
    "model": "advising.weeklystudentclasssitestatus",
    "pk": 3
},
{
    "fields": {
        "class_site": 1,
        "week_end_date": "2015-10-03",
        "status": 1,
        "student": 3
    },
    "model": "advising.weeklystudentclasssitestatus",
    "pk": 4
},
{
    "fields": {
        "class_site": 1,
        "week_end_date": "2015-10-10",
        "status": 1,
        "student": 1
    },
    "model": "advising.weeklystudentclasssitestatus",
    "pk": 5
},
{
    "fields": {
        "class_site": 1,
        "week_end_date": "2015-10-17",
        "status": 1,
        "student": 1
    },
    "model": "advising.weeklystudentclasssitestatus",
    "pk": 6
},
{
    "fields": {
        "class_site": 1,
        "week_end_date": "2015-10-24",
        "status": 1,
        "student": 1
    },
    "model": "advising.weeklystudentclasssitestatus",
    "pk": 7
},
{
    "fields": {
        "class_site": 1,
        "week_end_date": "2015-10-31",
        "status": 1,
        "student": 1
    },
    "model": "advising.weeklystudentclasssitestatus",
    "pk": 8
},
{
    "fields": {
        "class_site": 2,
        "week_end_date": "2015-09-12",
        "status": 2,
        "student": 1
    },
    "model": "advising.weeklystudentclasssitestatus",
    "pk": 9
},
{
    "fields": {
        "class_site": 2,
        "week_end_date": "2015-09-19",
        "status": 2,
        "student": 1
    },
    "model": "advising.weeklystudentclasssitestatus",
    "pk": 10
},
{
    "fields": {
        "class_site": 2,
        "week_end_date": "2015-09-26",
        "status": 2,
        "student": 1
    },
    "model": "advising.weeklystudentclasssitestatus",
    "pk": 11
},
{
    "fields": {
        "class_site": 2,
        "week_end_date": "2015-10-03",
        "status": 2,
        "student": 1
    },
    "model": "advising.weeklystudentclasssitestatus",
    "pk": 12
},
{
    "fields": {
        "class_site": 2,
        "week_end_date": "2015-10-10",
        "status": 1,
        "student": 1
    },
    "model": "advising.weeklystudentclasssitestatus",
    "pk": 13
},
{
    "fields": {
        "class_site": 2,
        "week_end_date": "2015-10-17",
        "status": 1,
        "student": 1
    },
    "model": "advising.weeklystudentclasssitestatus",
    "pk": 14
},
{
    "fields": {
        "class_site": 2,
        "week_end_date": "2015-10-24",
        "status": 1,
        "student": 1
    },
    "model": "advising.weeklystudentclasssitestatus",
    "pk": 15
},
{
    "fields": {
        "class_site": 2,
        "week_end_date": "2015-10-31",
        "status": 1,
        "student": 1
    },
    "model": "advising.weeklystudentclasssitestatus",
    "pk": 16
}
]
